{
  "type"                 : "object",
  "additionalProperties" : false,
  "properties"           : {
    "_id"         : {
        "type"      : "string",
        "minLength" : 25,
        "maxLength" : 25,
        "required"  : true
    },
    "url"         : {
        "type"      : "string",
        "minLength" : 2,
        "maxLength" : 255,
        "required"  : true,
        "index"     : { "unique" : true }

    },
    "description" : {
        "type"      : "string",
        "minLength" : 2,
        "maxLength" : 1023,
        "required"  : true
    }
  }
}
